<?xml version='1.0' encoding='utf-8' standalone='yes' ?>
<map>
    <int name="ModChaSendBKColor" value="-15723746" />
    <int name="ModChatBubbleText" value="-16711691" />
    <int name="quoted_text_picker" value="-16679761" />
    <boolean name="disable_hiddenchat_access" value="false" />
    <boolean name="my_statusd" value="true" />
    <boolean name="ModChatGStatusB_Gactive" value="false" />
    <boolean name="imsHideVStatus" value="false" />
    <int name="emojipopup_icons" value="-16679761" />
    <boolean name="ModContactNameColor_Gactive" value="false" />
    <boolean name="quoted_bg_picker_Gactive" value="false" />
    <boolean name="date_bubble_color_picker_Gactive" value="false" />
    <int name="ModFabNormalColor" value="-15723746" />
    <boolean name="newAttach_BottomDesign" value="true" />
    <boolean name="hide_action_l" value="false" />
    <int name="ModContactNameColor" value="-11212801" />
    <boolean name="hide_action_m" value="false" />
    <boolean name="ModFabTextColor_Gactive" value="false" />
    <boolean name="Conv_call_btn" value="true" />
    <boolean name="Audio_sensor" value="true" />
    <boolean name="Hide_div" value="false" />
    <boolean name="tabadgeTextColor_Gactive" value="false" />
    <boolean name="BGColor_Gactive" value="false" />
    <boolean name="HomeBarText_Gactive" value="false" />
    <int name="ModConDarkColor" value="-671009105" />
    <int name="date_right_color" value="-1191084881" />
    <int name="emojipopup_body" value="-15723746" />
    <boolean name="ModChatEmojiColor_Gactive" value="false" />
    <boolean name="emojipopup_body_Gactive" value="false" />
    <boolean name="NameProf" value="false" />
    <string name="chats_play_contact_online_tone"></string>
    <boolean name="ModChatBtnColor_Gactive" value="false" />
    <int name="ModChatRightBubble" value="-1844440290" />
    <int name="ConvoBack" value="-16777216" />
    <boolean name="onlinechat" value="false" />
    <boolean name="ModChaSendBKColor_Gactive" value="false" />
    <int name="ModChatLeftBubble" value="-1727955793" />
    <boolean name="enable_fivminstatus" value="true" />
    <string name="ui_home_styleV3">bubble</string>
    <boolean name="pagetitle_sel_picker_Gactive" value="false" />
    <boolean name="ModFabBgColor_Gactive" value="false" />
    <int name="HomeCounterBK" value="-15723746" />
    <int name="ModChatBubbleTextLeft" value="-16711691" />
    <boolean name="yo_want_airplanemode" value="true" />
    <int name="ModDarkConPickColor" value="-15723746" />
    <boolean name="enable_grp_separationV2" value="true" />
    <int name="quoted_divider_picker" value="-16679761" />
    <boolean name="chat_contactpicV2" value="true" />
    <int name="ModFabTextColor" value="-16679761" />
    <int name="ModConTextColor" value="-11212801" />
    <boolean name="chat_mypicV2" value="false" />
    <boolean name="ModConTextColor_Gactive" value="false" />
    <boolean name="group_mypicV2" value="false" />
    <boolean name="key_with_thumb" value="false" />
    <boolean name="disableDTTL" value="false" />
    <int name="ModConBackColor" value="-15723746" />
    <boolean name="ModOnlineColor_Gactive" value="false" />
    <boolean name="yo_hideinfo" value="false" />
    <boolean name="date_divider_color_picker_Gactive" value="false" />
    <boolean name="PicProf" value="true" />
    <boolean name="Hide_contact_picker_section_recent_chats" value="false" />
    <int name="HomeCounterText" value="-11212801" />
    <boolean name="tabadgeBKColor_Gactive" value="false" />
    <int name="ModFabBgColor" value="-502263010" />
    <boolean name="ModChatColor_Gactive" value="false" />
    <string name="bubble_style">0</string>
    <boolean name="onlineDotchat" value="false" />
    <int name="ModChatBtnColor" value="-10748160" />
    <int name="ModChatBubbleHyperlinks" value="-1" />
    <int name="ModlastseenColor" value="-10748160" />
    <boolean name="Hide_contact_picker_section_frequent_chats" value="false" />
    <boolean name="status_wantsendconfirmation" value="true" />
    <boolean name="ModChatLeftBubble_Gactive" value="false" />
    <int name="ModDarkConPickColorNav" value="-15723746" />
    <string name="pic_startlocation">1</string>
    <int name="BGColor" value="-15723746" />
    <boolean name="pic_inside" value="false" />
    <boolean name="HomeCounterText_Gactive" value="false" />
    <int name="date_left_color" value="-16679761" />
    <int name="quoted_bg_picker" value="-15723746" />
    <boolean name="ModDarkConPickColor_Gactive" value="false" />
    <boolean name="pagetitle_picker_Gactive" value="false" />
    <boolean name="ModChatBubbleText_Gactive" value="false" />
    <boolean name="statuschat" value="false" />
    <int name="date_bubble_color_picker" value="-15723746" />
    <boolean name="want_status_toast" value="true" />
    <boolean name="quoted_divider_picker_Gactive" value="false" />
    <int name="ModFabPressedColor" value="-15723746" />
    <int name="statuses_bar_bg_picker" value="-15723746" />
    <int name="ModChatEmojiColor" value="-10748160" />
    <boolean name="ModChaSendColor_Gactive" value="false" />
    <int name="ModChatGStatusB" value="-15723746" />
    <int name="ModChaSendColor" value="-10748160" />
    <int name="quoted_name_picker" value="-16679761" />
    <int name="emojipopup_header" value="-15723746" />
    <boolean name="emojipopup_icons_Gactive" value="false" />
    <int name="pagetitle_sel_picker" value="-10748160" />
    <boolean name="ModDarkConPickColorNav_Gactive" value="false" />
    <int name="HomeBarText" value="-16679761" />
    <boolean name="onlineDotchatColor_Gactive" value="false" />
    <int name="ModChatColor" value="-15723746" />
    <boolean name="imsHideRStatus" value="false" />
    <int name="ModChatGStatusT" value="-16679761" />
    <int name="tabadgeBKColor" value="-15723746" />
    <boolean name="emojipopup_header_Gactive" value="false" />
    <boolean name="HomeCounterBK_Gactive" value="false" />
    <boolean name="home_imgBK" value="true" />
    <boolean name="tabindicator_Gactive" value="false" />
    <boolean name="quoted_name_picker_Gactive" value="false" />
    <int name="statuses_bar_text_picker" value="-16679761" />
    <boolean name="isSwipeEnabledV2" value="false" />
    <boolean name="custom_wall_profilepic" value="false" />
    <boolean name="Hide_contact_picker_section_other_contacts" value="false" />
    <boolean name="stkr_wantsendconfirmation" value="false" />
    <boolean name="enable_ig_stories" value="false" />
    <int name="ModConPickColor" value="-15723746" />
    <boolean name="entry_translate" value="false" />
    <boolean name="date_right_color_Gactive" value="false" />
    <int name="tabadgeTextColor" value="-16679761" />
    <string name="ConvoEntry">0</string>
    <int name="ModConColor" value="-15723746" />
    <boolean name="chats_show_contact_online_toast_check" value="true" />
    <string name="tick_style">greentick</string>
    <string name="key_story_view">0</string>
    <boolean name="read_more" value="false" />
    <boolean name="hide_fab" value="false" />
    <boolean name="ModChatGStatusT_Gactive" value="false" />
    <boolean name="date_left_color_Gactive" value="false" />
    <boolean name="yo_want_nightmode" value="false" />
    <int name="tabindicator" value="-16679761" />
    <boolean name="ModChatTextColor_Gactive" value="false" />
    <boolean name="imsHideMStatus" value="false" />
    <string name="ui_bottom_style">bubble</string>
    <boolean name="ModConBackColor_Gactive" value="false" />
    <boolean name="my_name" value="true" />
    <int name="pic_chat_size_pickerV2" value="40" />
    <int name="pagetitle_picker" value="-16711691" />
    <boolean name="TxtSelect" value="false" />
    <boolean name="ModChatBubbleTextLeft_Gactive" value="false" />
    <boolean name="custom_wall" value="false" />
    <boolean name="auto_disabled" value="true" />
    <boolean name="ModChatEntry_Gactive" value="false" />
    <int name="ModChatDarkColor" value="-671009105" />
    <boolean name="elapsed_time" value="false" />
    <boolean name="ModlastseenColor_Gactive" value="false" />
    <int name="onlineDotchatColor" value="-10748160" />
    <boolean name="ModFabNormalColor_Gactive" value="false" />
    <int name="participant_name_color_picker" value="-16711918" />
    <boolean name="hide_action_a" value="false" />
    <boolean name="hide_action_b" value="false" />
    <boolean name="ModFabPressedColor_Gactive" value="false" />
    <int name="ModChatEntry" value="-14079703" />
    <boolean name="Audio_ears" value="false" />
    <string name="inconvo_trans_option">gapp</string>
    <boolean name="ConvoBack_Gactive" value="true" />
    <int name="square_photo_ratio_picker" value="100" />
    <boolean name="statuses_bar_bg_picker_Gactive" value="false" />
    <int name="ModChatTextColor" value="-16711691" />
    <boolean name="quoted_text_picker_Gactive" value="false" />
    <boolean name="group_participants_picV2" value="true" />
    <boolean name="participant_name_color_picker_Gactive" value="false" />
    <boolean name="ModConPickColor_Gactive" value="false" />
    <boolean name="ModChatBubbleHyperlinks_Gactive" value="false" />
    <string name="HomeEntry">0</string>
    <boolean name="grpAdmin_enabled" value="true" />
    <int name="ConvoBack_GC" value="-16574884" />
    <boolean name="statuses_bar_text_picker_Gactive" value="false" />
    <int name="ConvoBack_GCDir" value="0" />
    <int name="date_divider_color_picker" value="-16679761" />
    <boolean name="ModChatRightBubble_Gactive" value="false" />
    <int name="main_text" value="15" />
    <boolean name="ModConColor_Gactive" value="false" />
    <int name="ModOnlineColor" value="-3932416" />
    <int name="text_size_pick" value="13" />
</map>
